Date,AAPL,AMZN,BAC,CAT,GOOGL,JNJ,JPM,KO,META,MSFT,NVDA,TSLA,UNH,WMT,XOM,Mkt-RF,SMB,HML,RF
2010-02-28,0.06539627641283441,-0.055896674360343956,0.09749686243119582,0.09207449826251546,-0.005925218980524449,0.009895495057350878,0.07781216907443067,-0.028202739598085946,,0.022145686540192555,0.05263191244156906,,0.02606081427143958,0.011977936064896388,0.01542821199525335,0.0339,0.0118,0.0318,0.0
2010-03-31,0.14846998721311255,0.1467060379504379,0.07207991203612196,0.10166523473680322,0.07653762350849935,0.03492063675227608,0.06623742034015367,0.051785845960392596,,0.02162503364790025,0.07407383923659028,,-0.03514484360910686,0.0340933428685084,0.030461037791637002,0.063,0.0146,0.0219,0.0001
2010-04-30,0.11102132191339353,0.009796006270073487,-0.001120349600845283,0.09013082328771227,-0.07303570515765234,-0.013803483177846965,-0.04742718048286132,-0.02818187915354542,,0.042676903334537775,-0.09712651313924281,,-0.07138483469084711,-0.03525238640119399,0.01179484064937153,0.0199,0.0484,0.0296,0.0001
2010-05-31,-0.016124487332549342,-0.08490156877685595,-0.11721825399259478,-0.10765117066837171,-0.07622221420412933,-0.08503091918651551,-0.07045517139407942,-0.03835374664672053,,-0.15139425064845047,-0.1635900968872015,,-0.0409102792398528,-0.05194380167245649,-0.1018062947187871,-0.079,0.0013,-0.0248,0.0001
2010-06-30,-0.020826855491007934,-0.12912481640666507,-0.08644783474441131,-0.011356304875400514,-0.08376745774719163,0.013035951840418392,-0.07503840574609466,-0.016653706177974792,,-0.10813963598068266,-0.22298342576424957,,-0.018948303688113843,-0.049248373397821066,-0.05607002310046283,-0.0556,-0.0179,-0.0473,0.0001
2010-07-31,0.02274054064484976,0.07898590009148321,-0.022964369876447233,0.168878454236689,0.08967281935372973,-0.016423841975105824,0.10175073416669655,0.09956127061007791,,0.12168631981638,-0.09990166154046776,-0.1632400507102093,0.07218344888250128,0.06490538282136815,0.045733141734299654,0.0692,0.0022,-0.005,0.0001
2010-08-31,-0.05500479807740366,0.05886845959709941,-0.11253575034125629,-0.06580645068270885,-0.07183652898578041,-0.009162680387589606,-0.0973185091739297,0.013972407988299462,,-0.0858116234624845,0.01523380669233454,-0.0230687080635692,0.04170727428660537,-0.014795348291631427,-0.0024635538871899954,-0.0478,-0.0301,-0.0173,0.0001
2010-09-30,0.1672154916191544,0.25819118622479587,0.052208992482281946,0.20748941659190634,0.16837026966471225,0.08663608706862247,0.046754277788834786,0.055177580366192025,,0.04345961641559315,0.25187621865806387,0.047741290441497775,0.11095440855350058,0.0674111641930264,0.045339487498179176,0.0955,0.0382,-0.0302,0.0001
2010-10-31,0.06072206193675678,0.052018360628662386,-0.125954522739801,0.004485631174888205,0.16719605018431594,0.028728122735653505,-0.010022012313903428,0.04784686953314954,,0.08901588783290015,0.029109378217865967,0.07006341804199745,0.026773380080044706,0.012144992389226061,0.07606370374525384,0.0387,0.0108,-0.0246,0.0001
2010-11-30,0.03379015588916379,0.061550575211672065,-0.0436676533555298,0.0763361719620117,-0.09449233212770702,-0.026048484216275813,-0.006112326774334376,0.03728879793400597,,-0.047049136415426074,0.13227979626030106,0.6176738582783279,0.013037561425963684,-0.0014765202721048754,0.05275975966639046,0.0059,0.036699999999999997,-0.009000000000000001,0.0001
2010-12-31,0.03667030999302878,0.02622571610389368,0.21937793549944384,0.1070916657033869,0.06884870863241366,0.0048742079016985684,0.13422434904237557,0.0411586219841118,,0.1049091947435985,0.13152034692068426,-0.24624968987192308,-0.007967573066612776,0.0025562602779400923,0.051178884317925055,0.0682,0.0072,0.0356,0.0001
2011-01-31,0.05195923290188653,-0.05755551656087243,0.029235830510169203,0.0406381894212684,0.010758102304885497,-0.033629721278640945,0.060622508915283424,-0.044397178124022774,,-0.006449446268304904,0.5532471738633398,-0.09500527544837278,0.13680411899423706,0.03968078312072221,0.10339140951473658,0.019799999999999998,-0.0229,0.0060999999999999995,0.0001
2011-02-28,0.04093473341236331,0.02151613746851533,0.04078651479726614,0.06102493301246059,0.021720370401282496,0.03723696278641797,0.038940956843343866,0.017024968947028762,,-0.03580571721925041,-0.05267538521666004,-0.00871372711961238,0.037271826311015666,-0.07294436434406482,0.0657012006935731,0.0348,0.015,0.0118,0.0001
2011-03-31,-0.013306180841435311,0.039471406116217134,-0.06650989913201633,0.08180270774745879,-0.04343009685449495,-0.03564477631956264,-0.01263642296326084,0.0453847701569865,,-0.04477037495848257,-0.18534884516241124,0.16157366410336804,0.06458551531091605,0.008365126924096744,-0.01636828499293408,0.0045000000000000005,0.024900000000000002,-0.0184,0.0001
2011-04-30,0.004648363086309226,0.087048178737823,-0.07876941078556288,0.040778227215940266,-0.07270440490279251,0.10919867058885946,-0.004827607052734106,0.01688267516233788,,0.020874324899496033,0.08342350165049939,-0.005405400180747089,0.08916013840048631,0.05629186164363276,0.04576206685046014,0.028999999999999998,-0.0042,-0.024399999999999998,0.0
2011-05-31,-0.006569029810212346,0.004494216538089457,-0.04315965063339677,-0.08326842537410795,-0.02771546702461314,0.032769372927339724,-0.052377059445445906,-0.009635052950280332,,-0.028783485051623647,0.002000009231611921,0.09202872762420622,-0.005687951178027673,0.01101088653541571,-0.04588064630847066,-0.0127,-0.0073,-0.018500000000000003,0.0
2011-06-30,-0.034960070627662376,0.03965624863935702,-0.0664395311686441,0.006237975912836369,-0.04279618938457319,-0.011442920910405663,-0.05319209709968031,0.014476278247089969,,0.039584020744463544,-0.20459098225079808,-0.03351005896826831,0.05721729030802836,-0.037667618004643244,-0.025039144754602893,-0.0174,-0.0027,-0.002,0.0
2011-07-31,0.16328536743230426,0.08817064190318868,-0.11405168406764543,-0.06812603180344656,0.19216811413451285,-0.026007126779245326,-0.0058979233223395156,0.010699466098892385,,0.053845990203534644,-0.13237121407704056,-0.0329557206247475,-0.037805129494008716,-0.008091713521102495,-0.019537974128581825,-0.0235,-0.011699999999999999,-0.0091,0.0
2011-08-31,-0.014469417862588707,-0.03276110304953761,-0.15756162228662796,-0.07885406037969633,-0.10391098875503757,0.024636538164051647,-0.07144643223748948,0.03587740187561228,,-0.023069469572524093,-0.03759931271296746,-0.12176092558204665,-0.04251496351378292,0.016406265171349244,-0.06618838805724514,-0.0596,-0.0296,-0.024300000000000002,0.0001
2011-09-30,-0.009120507917855347,0.004646121395208258,-0.2509178769045015,-0.18857144751238708,-0.04791468842445634,-0.032067245945985756,-0.19808304712355407,-0.03448126434434151,,-0.06428581575710479,-0.060105161099673454,-0.01414690268761587,-0.026096420788909502,-0.02425260489877412,-0.018778893097340044,-0.0758,-0.031200000000000002,-0.015300000000000001,0.0
2011-10-31,0.061522974834105515,-0.012579168908284366,0.11601277487086703,0.2863335577595456,0.15066770511280647,0.010991305589670874,0.1642089947514762,0.011249499903399407,,0.06990789466938963,0.1830534398431496,0.2041819731952128,0.04054643164676475,0.09287034514467574,0.07517552054399435,0.1133,0.0305,0.0006,0.0
2011-11-30,-0.05578342916920642,-0.09938643423175819,-0.20194270578736095,0.036206164852201184,0.01138984071664284,0.014452792390249991,-0.10903345049632407,-0.008806160957992137,,-0.03219643882889467,0.05608133727993225,0.11474314537433239,0.016253190641456472,0.038434935255973635,0.03623140676940251,-0.0027,-0.0018,-0.0052,0.0
2011-12-31,0.059654504533839026,-0.09979721340026226,0.0220587113871904,-0.07437709689120986,0.07759568442381148,0.013287803781980356,0.07361949527046341,0.040755818839744995,,0.01485570777116485,-0.11324450142629794,-0.12767269168670448,0.04268725439621823,0.020940962024475596,0.053704763237025555,0.0075,-0.005600000000000001,0.0154,0.0
2012-01-31,0.12711138194501537,0.12328138902585839,0.28237402198014894,0.20979918457316993,-0.10185806075141368,0.005032349454619167,0.12987985563348903,-0.03487187959090676,,0.1375189657668201,0.06565671679735696,0.017857100371840406,0.02190238503823627,0.02677311660284576,-0.012034167314698307,0.050499999999999996,0.020099999999999996,-0.009300000000000001,0.0
2012-02-29,0.1883109317425089,-0.07585889544072666,0.11919056386253546,0.04664556778732365,0.0657462323862581,-0.0038714227385768796,0.05201098929147108,0.03450295187839214,,0.08191544583436916,0.025728219867864555,0.14929469065926915,0.07646281107705422,-0.03715780594100915,0.03861300924300903,0.044199999999999996,-0.0184,0.0042,0.0
2012-03-31,0.10528244078445059,0.12699647200473074,0.20075267575105693,-0.06733207511037664,0.03718558204433764,0.013521400449453935,0.17176299343940649,0.06716266670167803,,0.016383046793905898,0.016501554994326595,0.11463660465642023,0.060319752398545035,0.04281742569635494,0.0026590150876528718,0.031200000000000002,-0.0063,0.011899999999999999,0.0
2012-04-30,-0.02596886204046689,0.14512869305691556,-0.15255997761434215,-0.03112341432267951,-0.05674947822996679,-0.01303765492186737,-0.05912675822183577,0.031212226054981196,,-0.00743968567860509,-0.15584387952669032,-0.11036515683190151,-0.04733610099895558,-0.037418588692991306,-0.00449697604164645,-0.0085,-0.0037,-0.0077,0.0
2012-05-31,-0.01070233603320736,-0.08188875050079214,-0.09249157645084594,-0.1474167459967799,-0.039662715325976095,-0.0316777768354346,-0.2287110287296379,-0.020833400251674128,,-0.08240060213857126,-0.04384614676799636,-0.10956834118448533,-0.006767626995889842,0.12487932801799362,-0.08302419421593688,-0.0617,0.0012,-0.0095,0.0001
2012-06-30,0.010852713007466264,0.07251884325323021,0.11292498940121343,-0.03092894199503582,-0.0013599433521093163,0.08217183521920779,0.07782825822544082,0.053444178296286005,0.050675632051940145,0.04796181711279801,0.11182598593642101,0.060677738621238264,0.05282801065856413,0.059253121838435785,0.08826158008404095,0.038900000000000004,0.0072,0.0055000000000000005,0.0
2012-07-31,0.04582176602011789,0.021677287456954186,-0.10268961586543979,-0.0019082513611581309,0.09119573810292447,0.0245710391677485,0.015957340584110913,0.03338049804092469,-0.3019293366844841,-0.03661328238079686,-0.020260491359746724,-0.12368169724771694,-0.12666700299121003,0.06755569320030741,0.014958522155104736,0.0079,-0.0276,-0.0006,0.0
2012-08-31,0.09387709327883864,0.06416629856391287,0.0885561572689535,0.01330048560224717,0.08234216345168965,-0.017008050920145457,0.03166741775402904,-0.07425756248966386,-0.16812517439544827,0.052737536284227504,0.036188948147061195,0.04011653556144279,0.06283061700152692,-0.019311552888463646,0.01171348346556167,0.0254,0.005,0.0123,0.0001
2012-09-30,0.002796111931373302,0.024368612817364577,0.10651451891583652,0.008320525663296774,0.10131512650491326,0.021949129162224246,0.08992927660110595,0.021065162591623166,0.19933533688703742,-0.03439340659647172,-0.049180374965872464,0.026648171667929876,0.024575370244065642,0.016528498084745102,0.04753762153234309,0.0273,0.0045000000000000005,0.016200000000000003,0.0001
2012-10-31,-0.10760032130333463,-0.08426390830086672,0.05549245470520936,-0.008343220169645615,-0.09834334634735076,0.027716760257208595,0.03724896080650453,-0.019773770936526547,-0.025392157219178646,-0.04099444009907238,-0.10194902504886816,-0.03927616266766931,0.010647744759977096,0.016531165393745217,-0.003061926306375584,-0.0176,-0.0109,0.0352,0.0001
2012-11-30,-0.012374124005289477,0.08227061714183037,0.05793998762514474,0.005070163636966996,0.02656166696712048,-0.006683678976141527,-0.014395483935742859,0.026901320294473896,0.32638537210536755,-0.05960982290188699,0.005611706994332666,0.20227559688936148,-0.02875017029196536,-0.039989311946631245,-0.027181784609768944,0.0078000000000000005,0.006,-0.0086,0.0001
2012-12-31,-0.09074306055653536,-0.004681612016455339,0.17867415460111835,0.057323055413581736,0.012901517507348803,0.0053059392986256615,0.07035024840973159,-0.04404016554188739,-0.04928568145789991,0.0033810358242458705,0.024227457641423644,0.0014782019928814005,0.0012174624802958611,-0.04736666207954077,-0.018039219537276163,0.0118,0.015,0.0348,0.0001
2013-01-31,-0.1440893662978877,0.05831703073707506,-0.024978508005898514,0.09798010550338088,0.06829455334511869,0.05449305770297452,0.0773989057584834,0.02731029166747523,0.163786644647963,0.0277049185560998,0.0,0.10746997752445475,0.017883210445645448,0.025208690310270176,0.03951433315140962,0.0557,0.0029,0.0101,0.0
2013-02-28,-0.02528574800649619,-0.0046327380346018465,-0.007058346776092295,-0.06118527920699324,0.060222991737042264,0.037863249201768534,0.03974505617888413,0.039741991560708456,-0.12040028342621856,0.02113539059061531,0.03896128939664423,-0.07144776240928452,-0.03187814023569435,0.011865614709293926,0.0016906625302186562,0.0128,-0.003,0.0021,0.0
2013-03-31,0.0028542958296284837,0.00840050409375892,0.0845949021174004,-0.05846058033993362,-0.008749401308576266,0.07121241149214241,-0.029844986050082123,0.05198265824367421,-0.06128438196860364,0.029136734597655423,0.013427996128482222,0.08785529450444152,0.07450079127835418,0.06404057192102353,0.006253974224377679,0.0404,0.0083,-0.0022,0.0
2013-04-30,0.0002708851723918215,-0.047581509289708945,0.010673137746125327,-0.020192103106221437,0.03825288363719315,0.0453820082738996,0.039116036176638724,0.04673552217549104,0.08561376847041902,0.15693815676483536,0.07326551639070678,0.4249140994667957,0.04754425280565888,0.03862066875384307,-0.012429854100517779,0.015600000000000001,-0.023700000000000002,0.0044,0.0
2013-05-31,0.022419647946059218,0.06063589007672232,0.10966739096307121,0.013346174413624068,0.05657474639799576,-0.004895096320720604,0.11385450507875139,-0.05528022282837297,-0.12315443095301648,0.061774136088350584,0.05617329302190344,0.8107057457667728,0.04505239162446384,-0.03128027245003706,0.023664214356060143,0.027999999999999997,0.017,0.026699999999999998,0.0
2013-06-30,-0.11829353326347636,0.031537853678727856,-0.05786051321345753,-0.038577835879449185,0.0105026326656803,0.019957408041080482,-0.03297299426017264,0.009933643903311307,0.02176582710561048,-0.010315134576443952,-0.029716287780701345,0.0981996567416148,0.050111785391182995,-0.004676472814609367,-0.0013262630305659329,-0.012,0.0131,-0.0005,0.0
2013-07-31,0.14122523434612821,0.08473480201495254,0.13530379178991137,0.012098264050049323,0.008382765109602452,0.08898208838888122,0.06339075094250868,-0.0007480404180816302,0.47909952902619524,-0.07816994306245506,0.028489629525898952,0.25074518579761573,0.11255365252862992,0.04631432407174585,0.03763104839634224,0.0565,0.0181,0.0058,0.0
2013-08-31,0.08376686486726559,-0.06719341960283554,-0.032876816285328014,-0.0044630904016257356,-0.04601513570072813,-0.06886582346293935,-0.09330696365837021,-0.04740528572941971,0.12201081025334193,0.05638642285637596,0.026618449805805522,0.2585643195397136,-0.015237216033134104,-0.05795250751111869,-0.06386723867913147,-0.0271,0.0032,-0.0273,0.0
2013-09-30,-0.021488876076297347,0.11267707361206414,-0.021976811569318522,0.010418923392304213,0.03425441136613139,0.003240154811602336,0.022956519315063595,-0.0006417094134487655,0.21651759631737,-0.0035926459361573793,0.05491551125041583,0.14420104965677472,0.0019470751061272384,0.013428484872107571,-0.01285035707258797,0.0377,0.028900000000000002,-0.0118,0.0
2013-10-31,0.09638154631212448,0.16437435865524108,0.012319103221251515,0.006520930774288836,0.17658196885159083,0.06828923283030686,0.0044439030910989885,0.0446145109845999,-0.00039828227766991464,0.06400252456003241,-0.023779268861433556,-0.17288091281684204,-0.04678086078127308,0.037722562261561565,0.04160891329684846,0.0417,-0.015600000000000001,0.012199999999999999,0.0
2013-11-30,0.07005269953966375,0.08128449973110707,0.13242669372549676,0.014875132733437102,0.028149182635264447,0.029271257601657164,0.1102057754082797,0.02278375714302383,-0.06373234681960638,0.08498053733517774,0.032553391505124374,-0.20420161069822895,0.09112173737430629,0.05550513254626677,0.0501679405985227,0.0311,0.0131,0.0019,0.0
2013-12-31,0.008901411381595503,0.013134548857432149,-0.01516906986668276,0.07340441162135614,0.05768273405524482,-0.03243162606675798,0.022019911717818363,0.027867286712764283,0.16251869294927412,-0.018882713925813865,0.026923272361223827,0.18188254093810663,0.014863923016884328,-0.022983879224038772,0.08258427997888784,0.0281,-0.0044,0.0,0.0
2014-01-31,-0.1076964800985295,-0.10055422587303797,0.07578657822078116,0.040895486574679785,0.05376951649631123,-0.034064767503579785,-0.0471599005485841,-0.08448307729801152,0.14492221049708265,0.011494401909797558,-0.019975142346722485,0.20594285562134007,-0.04010602142554698,-0.05095968790541572,-0.08932790096481369,-0.0332,0.009300000000000001,-0.0199,0.0
2014-02-28,0.057510985229173084,0.00950680554806671,-0.013134432303370525,0.03258445136843191,0.029365653759694466,0.04874960615324797,0.02637268710959928,0.010047563356379463,0.09413466585063435,0.020012832173433637,0.17598681680821526,0.34948465786085814,0.06903723692603014,0.0002679938966738682,0.05199454418332761,0.0466,0.0036,-0.0034999999999999996,0.0
2014-03-31,0.019952814470787006,-0.07105766671997338,0.04115479317912629,0.024749813613580862,-0.08319834795841596,0.06632677832196587,0.06846191503655485,0.0200605463285648,-0.12007010705038657,0.06995543194467246,-0.02557122062975481,-0.14852338451721625,0.06491752476974622,0.02976065464783839,0.01464640071058132,0.0043,-0.018600000000000002,0.049,0.0
2014-04-30,0.09939635602170638,-0.09584686004505916,-0.11976742427519682,0.06692788580932318,-0.04111197416453072,0.0311513928609064,-0.0720996754864085,0.055095798947291996,-0.007636201273153009,-0.01439401901389259,0.03126719708137227,-0.0026865067527073183,-0.08476630494844162,0.04291477205517702,0.04842365720935993,-0.0018,-0.0418,0.012199999999999999,0.0
2014-05-31,0.07870940114666203,0.027685498010651566,0.0,-0.030076096370663996,0.068744309775294,0.008659102235069716,-0.0073237660983295205,0.0029413965924365293,0.058882574967737744,0.02051548576401352,0.033433300245741204,-0.0005772553281031545,0.061167676478079525,-0.030920848110569388,-0.011692604712376986,0.020499999999999997,-0.018500000000000003,-0.001,0.0
2014-06-30,0.027661789938876247,0.03912978764810626,0.015844775254923116,0.06299544603602447,0.02277624465779926,0.03114533849655654,0.03689040840912172,0.04323131182262219,0.06303330129785856,0.018563943684109407,-0.024210545958285534,0.15541226954370901,0.03144787462661336,-0.022143794223323243,0.001491875432071632,0.026000000000000002,0.0305,-0.0070999999999999995,0.0
2014-07-31,0.028731471577374545,-0.03630152199112202,-0.007807155663883125,-0.06701889293586871,-0.00875712775518167,-0.043299410677577255,0.007864125681530165,-0.07247423399179131,0.07965516162643249,0.03501186521481103,-0.056094823746156375,-0.06981582596456437,-0.008562923685159096,-0.01984849698651381,-0.017282562392964884,-0.0203,-0.0418,-0.0008,0.0
2014-08-31,0.07750873930044855,0.08322948209259295,0.05508161503411091,0.08258097936025455,0.004848651650929625,0.0433770663851234,0.030865278083934466,0.06184783462844523,0.029869211361791104,0.05916922748693554,0.11634504365814347,0.20779212958626903,0.06946304637608725,0.03285396088956083,0.012258742482482932,0.0424,0.0040999999999999995,-0.005699999999999999,0.0
2014-09-30,-0.01707338209457554,-0.04896177089087994,0.0629309914037488,-0.09205117693580744,0.010388776573192704,0.027571697775904402,0.013288731255125308,0.029980550156466057,0.05640193703954055,0.020470889844869555,-0.05141423486681829,-0.10018534591858141,-0.0007294774403385773,0.012847528024934052,-0.05439390337814343,-0.0196,-0.0359,-0.0147,0.0
2014-10-31,0.07196039468986393,-0.05266095960625472,0.006451678126309313,0.03183411480012577,-0.03490769960750251,0.011164366552164795,0.01074797195389654,-0.018283798707887655,-0.05124005340168436,0.012726503019522273,0.05907899014592988,-0.004038300546751472,0.10156533753375041,-0.0026153948080710476,0.028282770342962005,0.025099999999999997,0.0405,-0.0163,0.0
2014-11-30,0.1059788712875458,0.10862302551854675,-0.006992847349455045,-0.007987530995848147,-0.033088507768361586,0.010901657389061903,-0.005290742658768388,0.0778382103749935,0.03613845602825316,0.024740164723407565,0.07772452607591807,0.011667339604856775,0.03810144423347972,0.14776469349242882,-0.057039353347718036,0.0256,-0.020499999999999997,-0.0313,0.0
2014-12-31,-0.0718908852826714,-0.08354000408234807,0.05295199894119618,-0.09015930794935723,-0.033547010775617836,-0.033995288265184276,0.040226275047856586,-0.05821975140548585,0.0041182963852410825,-0.028445758231554374,-0.04387195431461555,-0.0904219962270345,0.02880598172060611,-0.01348189816034795,0.021095095711187728,-0.0005,0.0253,0.0212,0.0
2015-01-31,0.06142418635510127,0.14235538228773414,-0.15315785881296384,-0.11913300431949703,0.01298377625507774,-0.0423639789546596,-0.12544258502957273,-0.024869969009376436,-0.02704420618240777,-0.13024768517135787,-0.04239398174897324,-0.08457357946114596,0.05104373488520797,-0.010479975981728007,-0.05440769619036934,-0.031,-0.0059,-0.0345,0.0
2015-02-28,0.10077595333357392,0.07229288887602481,0.043564310408196416,0.03663849323539692,0.04665606597283811,0.030832384884686315,0.12688518249246994,0.0517367731609959,0.04031088216097367,0.0931200737303095,0.153382492775614,-0.001276991507778158,0.069458961472602,-0.012355950689124207,0.02043503491353782,0.0613,0.0060999999999999995,-0.0179,0.0
2015-03-31,-0.031371305710773956,-0.021201593551299025,-0.02352153173772764,-0.03461955873851352,-0.014094433661923422,-0.018632217331634116,-0.011423131244862161,-0.05573973977817037,0.04115476719180111,-0.07274768000765286,-0.05122388478930595,-0.07165333192256695,0.044493202025871925,-0.014130370813779325,-0.039981839521576634,-0.0111,0.0305,-0.0038,0.0
2015-04-30,0.005786348706218192,0.13351256225666064,0.0350878627061868,0.09459020291842446,-0.010690487298333884,-0.013916401350275165,0.05117983598574205,0.0002464591138586769,-0.04196054133145233,0.19626169858491327,0.0606779481066686,0.1974889322354232,-0.05824665199788137,-0.05106364253778772,0.02788251417618226,0.0059,-0.029900000000000003,0.018000000000000002,0.0
2015-05-31,0.04533907389566649,0.017663210846626143,0.03578104624861678,-0.01795609182490443,-0.006286684143218979,0.0168371899456512,0.039835440005067335,0.009862072333169714,0.005332040953788697,-0.030334559463026767,0.0014611037419325346,0.10948902799891669,0.07908398699436447,-0.0424252663666298,-0.016771327565193395,0.0137,0.0095,-0.0111,0.0
2015-06-30,-0.037227226329366814,0.011322602269977278,0.03460932535095251,-0.005860177531416766,-0.00968238241837116,-0.026762682958328954,0.03010075510211352,-0.03433467028032888,0.08309109276842674,-0.05783154801121648,-0.09127857951241747,0.0696173153496511,0.019189563695329426,-0.044970959413001776,-0.023474406584159335,-0.0152,0.0294,-0.008199999999999999,0.0
2015-07-31,-0.03292691447974083,0.23511256164533667,0.050528723021678656,-0.06441839275409456,0.21750226306046905,0.028216626798934996,0.01797352852137224,0.0471571774415811,0.09607096343086652,0.05775740623410042,-0.00795620066033631,-0.007865519769010731,-0.004918057790307184,0.014803099806834474,-0.04795659179060163,0.015700000000000002,-0.0417,-0.0416,0.0
2015-08-31,-0.06619626057721806,-0.04338338414259957,-0.08612976542332296,-0.027851913316767174,-0.014722406652732944,-0.05499499872164637,-0.06464309270838442,-0.04284286104494617,-0.04871818173051634,-0.061948828543070045,0.13155818226288551,-0.06421193090073474,-0.04695212911562063,-0.09458174568967392,-0.04123208819391788,-0.0602,0.0037,0.0275,0.0
2015-09-30,-0.02181631786882443,-0.0019497803810220038,-0.04344197237976466,-0.1449503586871781,-0.014587304244911614,-0.006703654005455695,-0.0488301010648301,0.029186096564567166,0.005255377860164723,0.017003731307182912,0.09653007859874152,-0.0026500015278088096,0.007016533048531226,0.001699437613420507,-0.011828666772178864,-0.030600000000000002,-0.0263,0.0055000000000000005,0.0
2015-10-31,0.0834089447605233,0.2227236546930227,0.07702182343844388,0.12921828197801322,0.15511372000533452,0.08227098192894866,0.06140053661296663,0.05558306632507981,0.13426033223399947,0.18933555096455867,0.15091276324197778,-0.16694846898986193,0.015257198286595441,-0.1172118916400332,0.11284446515073232,0.0775,-0.019,-0.004699999999999999,0.0
2015-11-30,-0.005804317910989232,0.06215055431957639,0.03873685755196754,-0.004657608016528592,0.03452730786595848,0.009465735352569782,0.037821187443838555,0.014093387388776968,0.02226148913065673,0.03944423706952582,0.12232818609663365,0.11274349821695906,-0.04304633561764393,0.027952474232545876,-0.004449472303063695,0.005699999999999999,0.0358,-0.0043,0.0
2015-12-31,-0.11022824233227002,0.01668161062386253,-0.031705225029173056,-0.06455651413302177,0.019872837620330097,0.01461875731069573,-0.009748045691120977,0.007977369713276783,0.004029136728638472,0.02079110817909169,0.039091973787386936,0.04234347420944928,0.0482489133485271,0.050534935150319704,-0.045432120643653096,-0.0215,-0.027999999999999997,-0.025699999999999997,0.0001
2016-01-31,-0.07524208603483118,-0.13151543200295746,-0.15983324849720115,-0.0727003227591958,-0.02141366192599159,0.01674480405627299,-0.09284980871469972,-0.0009308254040011343,0.07213850861439641,-0.007029791136944352,-0.11134730346920552,-0.20336655637088663,-0.021081270156156573,0.08254478566249546,-0.0012830792567437577,-0.0574,-0.034,0.0208,0.0001
2016-02-29,-0.0012876798363238295,-0.0587393835904203,-0.11456894189672606,0.08772448934662047,-0.05796301477343302,0.014672781176672922,-0.05378104689145413,0.004892131824864698,-0.04714380805235485,-0.0697889576214985,0.0745732972497759,0.003817939286909544,0.03421329857216748,-0.0003016793171618515,0.038888392786632586,-0.0006,0.0073,-0.0060999999999999995,0.0002
2016-03-31,0.12721056326907587,0.07442263797657822,0.08398142228769734,0.1305766240948545,0.06369048282532264,0.028419307940397598,0.05186490085167317,0.08397397445041244,0.0671528872162428,0.08549555214910387,0.13616104337524026,0.1971552400524741,0.08675006460755119,0.040052356535672295,0.042919535938483744,0.0695,0.0075,0.012199999999999999,0.0002
2016-04-30,-0.1399211688217359,0.11109428941783261,0.07692317114205238,0.02531710281949162,-0.07211953130919702,0.035859843955866166,0.07510826596957276,-0.034274478949554155,0.0304996690249133,-0.09704893391845948,-0.002806688492973497,0.047830459391734026,0.021567031502365053,-0.023653229123735464,0.05754280849279225,0.0092,0.0077,0.0322,0.0001
2016-05-31,0.07177305379973853,0.09581709440582009,0.015796839998329704,-0.06703539604019748,0.057877044279427414,0.012621172536426917,0.03275310444018209,-0.004464708716831578,0.010460818192563615,0.07019649582176513,0.31835997646583825,-0.0728111083172156,0.01511204418997436,0.06622146294742493,0.015476559775152943,0.0178,-0.0018,-0.016200000000000003,0.0001
2016-06-30,-0.042659859213193596,-0.009919933525815994,-0.09972895181826857,0.045510825039181135,-0.06051949137118584,0.07640425461112521,-0.04795464129082827,0.02416265290284425,-0.03812795605871644,-0.034528466565957205,0.006207027104403018,-0.04905251604174787,0.0611437455043522,0.03164755811731723,0.05302200706638138,-0.0003,0.006,-0.0149,0.0002
2016-07-31,0.09006281635944946,0.06035326650727413,0.09193660807579351,0.1021931744738549,0.12481352756514119,0.03239874946082644,0.037463292571651596,-0.037503235316711514,0.08452926594564492,0.10768055784424813,0.21463537098278906,0.10603918690237002,0.01416382093762425,-0.000684970217276315,-0.051098524826580505,0.0394,0.0245,-0.0124,0.0002
2016-08-31,0.023652024493515222,0.013639826927226206,0.11905597356895203,-0.009787361407378126,-0.0018830498316085853,-0.040676257113199665,0.055182176967522034,-0.004584208136842682,0.017589040671320832,0.02007992927106783,0.07623523323677661,-0.09702290457247609,-0.049929741866067245,-0.01426526804698447,-0.011994996087182574,0.0049,0.011699999999999999,0.0317,0.0002
2016-09-30,0.06550407147388193,0.08860318280928281,-0.03035937347555373,0.08322136488508525,0.017990800076106428,-0.010139042817081778,-0.01348148926793491,-0.017596976418298826,0.017047381696828845,0.002436604595916103,0.11705242616211331,-0.037639705293445846,0.03378509946981456,0.009518228842122944,0.0016068685234102986,0.0027,0.0208,-0.011899999999999999,0.0002
2016-10-31,0.004334775459956752,-0.05671734948914742,0.05431313042173658,-0.05151809927225881,0.007263233390777835,-0.01811554606671162,0.047656919764974104,0.0018904350568469397,0.021205344040900798,0.040277564806019406,0.03852883856040745,-0.03087781715857929,0.00950001470756634,-0.029117929636809925,-0.04537103939923448,-0.020099999999999996,-0.043899999999999995,0.041100000000000005,0.0002
2016-11-30,-0.021601229792912457,-0.0496949044026711,0.28474902603131014,0.14497954540089109,-0.0420050845133052,-0.03380357104016796,0.15752253428054774,-0.04030360273756506,-0.09596168310378916,0.012468026841387925,0.2976117362669912,-0.04212813918696334,0.12467542196004966,0.005855236931972874,0.057045319229015234,0.048600000000000004,0.055999999999999994,0.08289999999999999,0.0001
2016-12-31,0.04795510818429638,-0.0009326204826226592,0.04640150382931796,-0.02951021448514024,0.021356233156613058,0.0351301814968803,0.07633770147059549,0.02750923122253357,-0.028457931571392647,0.031198146782133618,0.15770063836855863,0.1282470872400494,0.010864432163931959,-0.011575903337667559,0.033906319870075974,0.0181,0.0014000000000000002,0.0347,0.0003
2017-01-31,0.047746678214277694,0.0981636831579693,0.02443419344013309,0.04004486671304286,0.035005353136786876,-0.017012547924300403,-0.013810959377130283,0.0026531246773968675,0.13272505767524878,0.04039288809818631,0.022858929877163314,0.1789508297421598,0.01287152411649406,-0.03443308941748313,-0.07057410539797349,0.0194,-0.0116,-0.0276,0.0004
2017-02-28,0.13377758310622223,0.026181549535707394,0.09010614026427244,0.0104535832790138,0.030163707279328156,0.0862575918228472,0.07077867016180783,0.009381819301475858,0.04005514178777858,-0.004363959008588436,-0.06935235161475384,-0.007700561188844546,0.020234550059822887,0.06278103201759455,-0.02177151203972638,0.0355,-0.0215,-0.015,0.0004
2017-03-31,0.04869001886250501,0.049110120630820875,-0.041252093569469794,-0.04034773142625214,0.0033967707751070275,0.0191473361853689,-0.03067738809685694,0.020366571275101997,0.04802989004132341,0.029384387658372813,0.07341356878279748,0.11324450226739402,-0.004587552942821982,0.023685322656696872,0.008485125530137694,0.0017000000000000001,0.0113,-0.0333,0.0003
2017-04-30,-6.957938686547038e-05,0.043370871588667814,-0.010597524787059887,0.11157196034369288,0.0904931855719382,-0.008671003508526454,-0.003871960315637746,0.01672944531498599,0.05772633510045089,0.039477916298428894,-0.042504264175810436,0.12853035120778755,0.06627669326279428,0.04300807424167585,-0.004389558254820791,0.0108,0.0066,-0.020499999999999997,0.0005
2017-05-31,0.06780707485586523,0.0752764613149639,-0.03669214692199052,0.030999487038980256,0.06767824087758556,0.04560172758800962,-0.05574716034093652,0.053766215140868434,0.00805319518505887,0.02600479304439096,0.385445913596248,0.08577703460392128,0.0017156745984983068,0.05248713644285741,-0.00477451900878767,0.010700000000000001,-0.0252,-0.0382,0.0006
2017-06-30,-0.05721394934056445,-0.026763939876424114,0.08255253405281526,0.019254285309633135,-0.05816082485402385,0.03150109531207046,0.11259918520368783,-0.00551813906376597,-0.0031693497572897744,-0.013029716444491357,0.001454940115202863,0.06040877199179162,0.06282498634376554,-0.03715004612357331,0.002857566001314815,0.0079,0.022099999999999998,0.015,0.0006
2017-07-31,0.032703769376748015,0.020433850865833714,-0.005770891084462604,0.06804890800832819,0.017016530840353594,0.0032503126227301227,0.00990049891978817,0.022073372072867414,0.1210096370990148,0.054693251423712175,0.124169814713194,-0.1054727025516281,0.034461969466677234,0.05695032047882842,-0.008547576452069161,0.018799999999999997,-0.014499999999999999,-0.0023,0.0007000000000000001
2017-08-31,0.10699947636768159,-0.007268848531284733,-0.004469025879508037,0.031066114908369302,0.010301528741401667,0.0037073700117125075,-0.009912659729975348,-0.006326166383536114,0.016070685268530838,0.03395264050217239,0.04356122697636278,0.10025662262199075,0.03696397106028804,-0.017864158798736818,-0.03710800492135646,0.0018,-0.0167,-0.0213,0.0009
2017-09-30,-0.06024388489373722,-0.019630792069039615,0.06069445930754935,0.06145218242087913,0.019345872533422126,-0.017828429893965048,0.050830975497473174,-0.00399281217370373,-0.006396418741741905,-0.00374488529239958,0.05506428913234074,-0.041584754245049704,-0.011597324333419312,0.0008968010522778513,0.07402049526440457,0.024900000000000002,0.044500000000000005,0.0315,0.0009
2017-10-31,0.09680786594965007,0.1497165176249049,0.0808998587254568,0.09542110950137905,0.06092104907905038,0.072301841840819,0.0595548003896913,0.021550812557332488,0.053783770538165854,0.11666000553111155,0.15684938095558376,-0.028056310233193882,0.07337215650753137,0.11735308493728525,0.016711694041644964,0.0226,-0.019299999999999998,0.0013,0.0009
2017-11-30,0.020277781219460334,0.06466237678888143,0.032860206959206995,0.0393963433552873,0.0030299009809191535,0.005546574218484812,0.0388633696668188,0.0035939091894798825,-0.015994804820218866,0.016983921437348615,-0.028821883924800118,-0.06841006150168283,0.08905134792429625,0.1136183940710993,0.008528302952430789,0.031200000000000002,-0.006,-0.0009,0.0008
2017-12-31,-0.015246076719836021,-0.006186568401839843,0.047923195551895725,0.11640089583079383,0.016628508556103982,0.0027991036678918224,0.023153344247220264,0.0024033289431639737,-0.004063525838212234,0.0162766011022486,-0.035922149009748106,0.008094513338934739,-0.033790373651323424,0.020985698950072962,0.004202139616882983,0.0106,-0.0132,0.0005,0.0009
2018-01-31,-0.010636387424164173,0.24063897541810575,0.0840112177139265,0.037794227178287176,0.12228976010947212,-0.010950437062996699,0.08726899457246962,0.03727120754197655,0.05910688906261452,0.11070817728739124,0.27028430294003347,0.13797978418688173,0.07402705375769925,0.0794933036461074,0.04375899101383607,0.0558,-0.0316,-0.0132,0.0011
2018-02-28,0.06818531051439969,0.04242906360200127,0.003124684634580266,-0.05006794810101767,-0.06623135687028459,-0.054116377862776455,-0.001469641894359719,-0.09182582645465343,-0.04585580882970164,-0.008415000687564289,-0.01484775058810972,-0.03175185593835672,-0.04485187411185476,-0.1556284419176558,-0.1235455668160177,-0.0364,0.0027,-0.011000000000000001,0.0011
2018-03-31,-0.05805097825216954,-0.04304936888568922,-0.06222631866825412,-0.046886018903939286,-0.060493591092525945,-0.013319953584434718,-0.04787884763113681,0.013729228698019957,-0.10391437922317315,-0.026661045510409598,-0.04301681633217436,-0.22424645662146758,-0.0506345682804733,-0.005660831463838667,-0.014919306720725722,-0.0235,0.0405,-0.0021,0.0012
2018-04-30,-0.015019248647542782,0.08207479647163018,-0.0023340442897233915,-0.015559755790886864,-0.017895268460897507,-0.012953681367441794,-0.0058047951041941825,-0.005065774862692551,0.07641271982733544,0.024652302786734026,-0.028887081321633312,0.10434740448152735,0.10467296709680252,-0.0057325158267285126,0.04208554200847958,0.0027,0.0109,0.0053,0.0014000000000000002
2018-05-31,0.13512375601634385,0.04053941088038626,-0.025446147971819877,0.05229993659428378,0.07993478641819918,-0.04729863754439512,-0.016271424758656172,-0.004859928556815829,0.1150000205467252,0.06146696476750391,0.12203598865086063,-0.031201019338043534,0.02161622517643358,-0.06104455791570185,0.05547859794492482,0.026600000000000002,0.0524,-0.031400000000000004,0.0014000000000000002
2018-06-30,-0.009418573399043728,0.043065192317739864,-0.02926998217389465,-0.106905297186623,0.0265363615519687,0.01437868541171805,-0.026259324304710896,0.02908410025482877,0.013244445213594691,-0.002326865557557345,-0.060628600838604996,0.20447436127385,0.0194518314761003,0.037678847381544145,0.018340981684429547,0.0049,0.0111,-0.0233,0.0014000000000000002
2018-07-31,0.027983566783861713,0.04567600755093726,0.0954239237294967,0.06642337236959683,0.08681449214607229,0.0921380082340062,0.10916180220368488,0.06315561879713383,-0.11187735912911412,0.07575290338151563,0.03360048228948953,-0.1306604479146567,0.03211871079779294,0.041797819524666435,-0.014747079052711998,0.032,-0.0223,0.0049,0.0016
2018-08-31,0.2004221134471753,0.13236448128539746,0.0016190018499708803,-0.034422637739837225,0.0037319619490212563,0.023147910495437074,-0.0032185888188451806,-0.044177762138844945,0.018252460481211097,0.0629927355866049,0.1469146920277642,0.01180654210235188,0.060184818004138,0.08054209187392813,-0.006294989778262816,0.0345,0.011399999999999999,-0.0391,0.0016
2018-09-30,-0.008303044152112693,-0.004824306834253944,-0.04292269506766688,0.09823587084989782,-0.02006811748578241,0.025836995121209183,-0.015185859652113498,0.04516291362832847,-0.06413262575487988,0.018160958204775257,0.0012114940619163406,-0.12229000204006513,-0.0056707089271546,-0.02034207728972559,0.06049627633369847,0.0006,-0.0229,-0.016200000000000003,0.0015
2018-10-31,-0.03047753914157514,-0.20219175018307878,-0.06653065239404021,-0.19933659105378032,-0.09651397069846301,0.013172482218092751,-0.027087759407216194,0.036587712521074955,-0.07704000005979472,-0.06610150473951382,-0.24976872650740545,0.2740114899082402,-0.017629020471963353,0.06783088227792322,-0.06280827867953376,-0.0765,-0.047,0.0338,0.0019
2018-11-30,-0.18119766566803008,0.05767175245241973,0.0327272676181265,0.11828215505043271,0.017486116940873986,0.056042994901048804,0.019904985847955192,0.06095542952839805,-0.07365420339087025,0.042684079251242846,-0.22404987762361328,0.03901336950578149,0.08000421680139191,-0.026226764687541704,0.007855092995042279,0.0171,-0.0073,0.0036,0.0018
2018-12-31,-0.11669814236417808,-0.11134970006404432,-0.12754554700785414,-0.06338894404095663,-0.05829757328111884,-0.12151106731569916,-0.122043541055606,-0.06051558349726549,-0.06770512162752107,-0.08404741180547814,-0.183136655670041,-0.05044512057144701,-0.11458639887382116,-0.04087703881854787,-0.14226411243657855,-0.0955,-0.0231,-0.0192,0.0019
2019-01-31,0.05515371828517868,0.14431709005232074,0.15543831853815782,0.054668012126525944,0.07744779049845563,0.03122811944203696,0.06884366940923825,0.01647293492325952,0.2715689902349159,0.028157995235965405,0.07677893367710653,-0.07746391633639815,0.08461802062281398,0.02877035722766741,0.07464424637453737,0.0837,0.0276,-0.0039000000000000003,0.0021
2019-02-28,0.04477671861939703,-0.04590598487961817,0.02664075535819954,0.03139043471451419,0.000586279449584115,0.03356043290520039,0.008309171386893022,-0.05796793031286274,-0.03143555994124492,0.07735758716800945,0.07421886367630548,0.04188646728344558,-0.10355309992703288,0.03297550592704601,0.0904395076043385,0.0342,0.020499999999999997,-0.026600000000000002,0.0018
2019-03-31,0.09702553853503848,0.08593570731353273,-0.0512376509612642,-0.013470120228325388,0.04468506916254755,0.023053384158089996,-0.02999232232003146,0.04254677325698175,0.0324558270375257,0.05275353663760152,0.16400873497605595,-0.1251093857440413,0.02470384281999416,-0.009447857477440813,0.022396420792214933,0.011000000000000001,-0.030299999999999997,-0.0414,0.0019
2019-04-30,0.05643621539098631,0.08185874546916994,0.1083723915946806,0.03524334557213504,0.01875284045373049,0.010086487856455495,0.15517121801544076,0.046948343650778046,0.16023760152980882,0.10734312442291483,0.008019872857370602,-0.14710923820280408,-0.05738892678721441,0.05444480754314651,-0.006435614056841121,0.0397,-0.0174,0.0213,0.0021
2019-05-31,-0.12421283052470045,-0.07861319674779288,-0.13015039640254022,-0.14065436131488207,-0.07711685479171493,-0.06482028358053205,-0.08694537172368255,0.0014264988849561622,-0.08236811774678099,-0.049480907763287174,-0.25074803412481417,-0.22426582233190806,0.03745647912182681,-0.0083737409373974,-0.10835560503497155,-0.0692,-0.0126,-0.0245,0.0021
2019-06-30,0.13051890633708396,0.06679174655008091,0.09611656009122638,0.13755111656706998,-0.0214188796345679,0.06199034269540915,0.05511521376110817,0.0445252340270601,0.08750775866271088,0.0831177142085715,0.21238725472312603,0.20684812952665022,0.013608644302338435,0.08921579100119237,0.08280358194979165,0.0692,0.0026,-0.0064,0.0018
2019-07-31,0.07639421765673604,-0.014179183493694736,0.057930949804982035,-0.026464405474056818,0.12504623369822876,-0.06504894508804959,0.04491301807428161,0.0335816687415611,0.006373048905607082,0.01724385207726309,0.027339935182818742,0.08122252974300093,0.020491005721412492,-0.0009958484508202359,-0.029623060046278904,0.0123,-0.0196,0.005,0.0019
2019-08-31,-0.0164608391790394,-0.048473822697145064,-0.10332445877851915,-0.09622555853094483,-0.0227138708030874,-0.006897184569723103,-0.05293127581902057,0.04579176382061956,-0.044071332120378504,0.015036759319480675,-0.00618910496851699,-0.06622236595163389,-0.060278673025576546,0.040246849438720256,-0.0676240692854636,-0.0255,-0.0239,-0.04769999999999999,0.0016
2019-09-30,0.07296154374632025,-0.022732743159706414,0.06733049285492787,0.06142876723063395,0.025711257649396746,0.007946392180360196,0.0712728565281524,-0.003669746955461961,-0.04087908119243988,0.008486918481391603,0.03916173401267842,0.0676388894701141,-0.06690235308068304,0.03868379859546622,0.031103727234623513,0.0141,-0.0097,0.0676,0.0018
2019-10-31,0.11068422599820105,0.023474701269111886,0.07199154659087115,0.09954208906707063,0.030839939747064227,0.020559502364617233,0.06993516658813048,-0.00018364127899528349,0.0762015007645156,0.031216451445585935,0.15482297324758965,0.3074272210164204,0.16280116362661823,-0.011964930191662115,-0.04305327836877071,0.0207,0.0027,-0.0192,0.0015
2019-11-30,0.07755445087419255,0.013587301227403925,0.06555816574362638,0.05029013673415417,0.03597892793387336,0.048489426137954705,0.05475498606722917,-0.011595036666675385,0.05212659982546075,0.059462319936789854,0.07899695478105473,0.047694647129001844,0.1075188266451339,0.015605997892032875,0.020447364563075165,0.0387,0.0072,-0.02,0.0012
2019-12-31,0.09878344939775263,0.026121694264473083,0.06279381826640029,0.02038268549785771,0.02706841640833746,0.060950021069444915,0.05798406241614096,0.03651682643384713,0.01790305457314223,0.04174930859979664,0.08563243720479452,0.2678971533628465,0.05445436483447286,0.002377038418108768,0.024218818487583338,0.0277,0.0076,0.0173,0.0014000000000000002
2020-01-31,0.05401030331034029,0.0870638027865227,-0.06785936563027395,-0.10433820180451703,0.06972589531680451,0.020566270476728432,-0.04440615818465787,0.05510379972810964,-0.016272776504545505,0.07945425402049167,0.004802373234314983,0.5551598573434691,-0.07323599137721326,-0.036603729691665365,-0.10977369761810196,-0.0011,-0.031,-0.0622,0.0013
2020-02-29,-0.11470170657901302,-0.06221372013363058,-0.13189141429168016,-0.054130060298210325,-0.06527873098117787,-0.09090124162206514,-0.12277129364232797,-0.084075128670557,-0.046753557281286495,-0.04568795465133901,0.14296635249274803,0.02677646887053875,-0.06419530395670103,-0.05948143132568129,-0.16003727034934223,-0.0815,0.0108,-0.0382,0.0012
2020-03-31,-0.06976133874572521,0.035020571318223226,-0.250334917722713,-0.06600134307433847,-0.1323875083370738,-0.024910692612056584,-0.22461461814535988,-0.1654876105665144,-0.1333713442864699,-0.026541451021952378,-0.023956693094815962,-0.2155570713684315,-0.01764901740726721,0.05983245916836988,-0.2618581966841782,-0.13369999999999999,-0.046900000000000004,-0.1383,0.0012
2020-04-30,0.15537388631773852,0.2689001176660717,0.1328311415192709,0.012137820410167643,0.1590000357905994,0.14420765674775793,0.07469802610285625,0.03706211056019759,0.22727803665139468,0.13632614228995887,0.10880124018277626,0.492137319488021,0.17278860340565716,0.06979421727192991,0.2238607627734801,0.136,0.025,-0.0134,0.0
2020-05-31,0.08509384764489414,-0.012784941240091774,0.0029106393189406443,0.03222225518429278,0.06446861590705177,-0.0017248348521328172,0.01618660874843192,0.01721486937735195,0.0995553490592449,0.025391261669927445,0.2146570524347735,0.06793886833783369,0.04232893767664647,0.025139633747847556,-0.0025469488098573967,0.0557,0.024,-0.05,0.0001
2020-06-30,0.1473865304351787,0.12956672853391127,-0.008472784005915446,0.05302571573639003,-0.010791735327127627,-0.054588360783937695,-0.0333986865627558,-0.03414894843613181,0.008796745917361681,0.1105590035026025,0.07059732012079656,0.2931856328270819,-0.028307612896191103,-0.03449940617766267,-0.016494744572761455,0.0245,0.026699999999999998,-0.0217,0.0001
2020-07-31,0.16513175988123585,0.1471136218500213,0.04757853814762503,0.05830169582694911,0.04929312072023628,0.03647857295524437,0.03744110635808351,0.05729644742849116,0.11714428551785505,0.007371085325737381,0.11760650879108336,0.3250108843981532,0.026546691462598027,0.08031364199426605,-0.05903391673274527,0.0583,-0.0235,-0.0144,0.0001
2020-08-31,0.2165689149016956,0.09046103369298208,0.03456606386498651,0.07096642896381322,0.09515119491001633,0.05948870702451159,0.03673434497354777,0.04847564531283699,0.15583256214688612,0.10275185772302775,0.2599919657875249,0.7414521252787116,0.03226768701189897,0.0774407485373334,-0.032130966802261685,0.0762,-0.002,-0.0302,0.0001
2020-09-30,-0.10252624249343412,-0.08757859185260553,-0.0575830401529297,0.04806377045907251,-0.10059972428118191,-0.029528635064558606,-0.039125710209042874,0.004838268268132717,-0.10675319769599023,-0.06739693581332074,0.011966911121558788,-0.13908741409927106,0.0016148107836095882,0.007634227831388785,-0.14046079730654737,-0.0364,0.0006,-0.027200000000000002,0.0001
2020-10-31,-0.06001196018600241,-0.03575408533520552,-0.01618936147451755,0.05939843643896214,0.1026951113755512,-0.07905712490196748,0.027835927226154578,-0.026534211184446432,0.0046200562822216185,-0.03736979358150405,-0.07364862117981774,-0.09549891131606025,-0.02126585402974046,-0.008290927674117876,-0.04981046085119023,-0.0208,0.0434,0.0425,0.0001
2020-11-30,0.09549312670583521,0.043439868865324804,0.1881858265042895,0.1053170289360319,0.08556987539469518,0.06254369405183535,0.20236621685933298,0.08207616852913757,0.052677708060974604,0.0600605970978092,0.06921175528486834,0.4627358021475634,0.10224805910322643,0.10118890033629868,0.19711638676312715,0.1245,0.0581,0.0209,0.0001
2020-12-31,0.11457393506500013,0.028058383014484267,0.0830577300688371,0.04856261391196326,-0.001003206000307566,0.08778005361975261,0.07796051674619475,0.0627909102970301,-0.013755997583879576,0.039005576204726555,-0.02556744994002047,0.24325228028976542,0.04638673809365046,-0.0530994442269328,0.08103860914253369,0.0463,0.0501,-0.0168,0.0001
2021-01-31,-0.005501701390128844,-0.01557601223652838,-0.021774983833709016,0.00984941403161943,0.0426326672700017,0.03653574101447177,0.019883818722157054,-0.12199127061795823,-0.05429035768093293,0.04289210963665946,-0.004998178857576696,0.12450585757436827,-0.04876270822550577,-0.02539013010143165,0.08782137497273967,-0.0007000000000000001,0.07139999999999999,0.0322,0.0
2021-02-28,-0.0797120515801768,-0.03532841376742368,0.17065770619322418,0.18070457052302813,0.1064652820323242,-0.022570169189209732,0.14377870528251258,0.017445440007720414,-0.0027486727417576073,0.004117938945061184,0.05579397024548349,-0.14874045049393914,-0.004076710927806593,-0.07523688924546101,0.23312506030695412,0.0281,0.0202,0.07200000000000001,0.0
2021-03-31,0.007339629347458354,0.00037178414851712915,0.12020074722163576,0.07406895899645272,0.02008490032484711,0.037170176631221574,0.03438218777844537,0.08488932400262361,0.14327304600797808,0.01458823616160676,-0.026369199616718353,-0.011206569460841198,0.12392959880727972,0.049854804873985525,0.026853087304821166,0.0316,-0.0233,0.0735,0.0
2021-04-30,0.07621759327868993,0.12066273709568343,0.0475575756690132,-0.01176903188340872,0.14107991112116247,-0.009857029731358269,0.01632965352897431,0.024094048654105915,0.10372456363122251,0.06960161174633006,0.12445446545295824,0.06214724771921731,0.07184134409908371,0.030037468258216737,0.025255409445502863,0.0495,-0.0319,-0.0102,0.0
2021-05-31,-0.05049697759257066,-0.07047025525869377,0.04589193988090767,0.05685853308060085,0.001423286317677075,0.046555253248328876,0.06781114466689608,0.024268158718249833,0.011228144939351425,-0.007627379950475355,0.08228124488053545,-0.11871335524117277,0.03289863589750719,0.019139335397434953,0.03459703844771078,0.003,-0.002,0.0704,0.0
2021-06-30,0.09910948577596423,0.06735498737093981,-0.023270551777480386,-0.09727045504068788,0.03603967430705568,-0.026646988974402874,-0.052971245999688055,-0.01396781071232922,0.05773722100273315,0.08498887626291118,0.231621928130751,0.08713734718910104,-0.024308995344646367,-0.007111124342277009,0.08069186241427406,0.0274,0.017,-0.0786,0.0
2021-07-31,0.06498226441151456,-0.032722282722282725,-0.06960933745166142,-0.04489498161968841,0.10350598844225578,0.045283291420859184,-0.018550616971395262,0.05396411581934446,0.02470444705500552,0.05171623355459021,-0.02517166779644886,0.01103427987887895,0.02941780538547012,0.010849402133952024,-0.08734919671258623,0.0134,-0.0393,-0.0179,0.0
2021-08-31,0.042489441437600695,0.043034169499993835,0.08837297373205333,0.019927226456172065,0.07400918588971206,0.011375274511502997,0.053827981197940744,-0.012624889559957886,0.06477694801767231,0.061591122232642403,0.1482098385328796,0.07060538379906944,0.009824581716669112,0.042756752706976764,-0.038645363825321355,0.0294,-0.0032,-0.0023,0.0
2021-09-30,-0.06803662440870928,-0.05351810876292584,0.021976839847647645,-0.08962848562336267,-0.07616931628888135,-0.06717520980845548,0.0233821877899123,-0.06116124731874528,-0.10540863850239868,-0.06611876904532654,-0.0745589397871238,0.05404233150359361,-0.05803538432090238,-0.05887899197703583,0.0788702961187413,-0.044000000000000004,0.0066,0.0512,0.0
2021-10-31,0.058657149053177315,0.02660245759664326,0.12555966534936003,0.06858596669457562,0.10749873517707464,0.008545275891527426,0.04413062591610961,0.07432802596357879,-0.04661305318332476,0.1762913122870191,0.23416700926225942,0.436529595729082,0.17845614283345457,0.07203326199501281,0.09605568832176314,0.0663,-0.0226,-0.0053,0.0
2021-11-30,0.10508159785367721,0.039923701306487036,-0.0692758396609251,-0.05225241639089251,-0.04153087418219459,-0.03639915307316299,-0.06510078540576458,-0.06232484747720812,0.0027504479450184416,-0.0012822218139879604,0.2780536385097345,0.02761218887377903,-0.03529004864590468,-0.058827361051552174,-0.05934231971368176,-0.0158,-0.0131,-0.0037,0.0
2021-12-31,0.07422873690710663,-0.04925196878828486,0.0052649960209087965,0.06925267664456669,0.020821248197928854,0.09709506180309924,-0.003022127288206944,0.128884437614738,0.03664542115979752,0.01733274296584475,-0.09981025267278176,-0.07685451947850863,0.1340727449217316,0.03301265221306138,0.022560217428331475,0.0323,-0.0163,0.0325,0.0001
2022-01-31,-0.015712186037509457,-0.10282991021845667,0.037086818397722876,-0.020324973242982436,-0.06591882193599097,0.007131452932500837,-0.05594772186245278,0.03040015669046281,-0.06864867462605506,-0.07534509544059698,-0.16745434152075933,-0.11360931817914044,-0.05888795764267407,-0.03372732980090909,0.24137920627431408,-0.0616,-0.0593,0.1286,0.0
2022-02-28,-0.054065982694453174,0.026672518265588474,-0.042045957115283805,-0.06935899657286582,-0.0018220027713531373,-0.03867660991566757,-0.0457603732084203,0.0201607911797983,-0.3263423146340023,-0.03721210532892161,-0.0041248286101752685,-0.0707681586632628,0.006983025717573366,-0.03325938927549288,0.04383065443702083,-0.022799999999999997,0.0216,0.030600000000000002,0.0
2022-03-31,0.05747356483500554,0.061437285030015776,-0.06286070586274939,0.1878666326935996,0.029694856523600155,0.07692784947557452,-0.03864582899467117,0.0037693083040599706,0.05368896426317926,0.031861750035552694,0.119157260025337,0.2380088093327557,0.07482943256297236,0.10606664366941865,0.05317494602827444,0.0308,-0.0155,-0.019,0.0
2022-04-30,-0.09713081892380515,-0.2375250931362105,-0.13440087778127363,-0.05058047224109474,-0.1794668026299251,0.018224782252958427,-0.11792296774509115,0.042096680267480924,-0.09844399649877278,-0.09986675394562272,-0.32027400727019517,-0.19194510982164714,-0.002784368978073548,0.02733008211598187,0.03220740340717132,-0.0941,-0.013500000000000002,0.061799999999999994,0.0
2022-05-31,-0.054496108225241646,-0.03276431760316645,0.04260072863576725,0.02522101228637874,-0.003045256328666479,0.0012395672745548758,0.10782516555023824,-0.019037288046070744,-0.03406987042481091,-0.018077329975039635,0.006739484847001931,-0.12919748573786138,-0.02314440314455546,-0.15616990692746813,0.13763480112214688,-0.0034000000000000002,-0.0184,0.08439999999999999,0.0003
2022-06-30,-0.08142965951084657,-0.11645921262241288,-0.15835200938837513,-0.17183243677097848,-0.04218466221876682,-0.011251823369354486,-0.14837789293106884,-0.00024424665856903616,-0.16726922576406322,-0.05532050056683091,-0.1879711046920236,-0.11188774122303669,0.03760568306933343,-0.05480816356605622,-0.10791664596525063,-0.084,0.0207,-0.06,0.0006
2022-07-31,0.18863360695043863,0.27059597129750057,0.08609061249932548,0.11675320871023454,0.06751852482857901,-0.01684386048374642,0.033482286204173706,0.02002860854720745,-0.013333240585216455,0.09309654483672003,0.19816587673036756,0.32376526434081954,0.055896392953378005,0.0861160509208947,0.13183104510081667,0.09570000000000001,0.028399999999999998,-0.0415,0.0008
2022-08-31,-0.031207949715443162,-0.06061504624052039,-0.005915603959546822,-0.06829743306207936,-0.06963557867541703,-0.06931011793386699,-0.014129711271992251,-0.03833561039857081,0.024072840573168053,-0.06666299040977919,-0.16896953351958632,-0.07248867234513756,-0.04242729022621616,0.008158198785418902,-0.004242790130130403,-0.0377,0.0141,0.0018,0.0019
2022-09-30,-0.12097692310883457,-0.10862189009783763,-0.09553751046404446,-0.11168879182534952,-0.1161523031288002,0.012520460321652882,-0.08115725978749022,-0.08558702278964614,-0.16724985877584353,-0.10926697113911354,-0.19553434138002623,-0.03758929611475259,-0.02446488433231797,-0.021501393058636076,-0.0866200196398832,-0.0934,-0.0076,0.0003,0.0019
2022-10-31,0.10955129944664588,-0.09345130582826322,0.19337742727863216,0.32806196576997015,-0.011918408875015829,0.06494848131915498,0.21537091689778531,0.0683684039641923,-0.31338425531081204,-0.003306148281416399,0.11187088609626206,-0.14216779156971604,0.09921967063858306,0.09737846192062993,0.2691561807602041,0.0785,0.0001,0.0797,0.0023
2022-11-30,-0.03302744842116434,-0.05759470309709913,0.05022196503615883,0.09216490614897999,0.06856407210282733,0.029768811757050262,0.09771222971875848,0.07036154900881675,0.2677113945158178,0.10222318125287955,0.25415509922594914,-0.14432626046795272,-0.013311464814482754,0.07089175269814585,0.012871545778949,0.04650000000000001,-0.035699999999999996,0.0148,0.0029
2022-12-31,-0.12227252966246238,-0.1298943525647971,-0.11985111907458035,0.013324250901984414,-0.12634902850157503,-0.00758429701827934,-0.029527000319548802,0.0,0.018966806624727717,-0.06004557263799759,-0.13644169774677573,-0.3673343490707852,-0.029110790939486764,-0.06623468512770303,-0.009340619936623051,-0.0638,-0.0076,0.0134,0.0033
2023-01-31,0.11052085273555345,0.22773806254069018,0.07125605723307626,0.058161612566987264,0.12025403911564636,-0.0748937705200986,0.051408085007220716,-0.03600065606096037,0.23790940453348886,0.03331656009012218,0.3368688271479938,0.4062347847991097,-0.058451808580879394,0.014669586658809353,0.05176799435591484,0.0661,0.0501,-0.0394,0.0034999999999999996
2023-02-28,0.023183234964098354,-0.08629878923214462,-0.03325809447759209,-0.05049751490207821,-0.08883064070504865,-0.05542584189371902,0.024221492574420633,-0.029517420124049343,0.17433034208566034,0.009017953694438141,0.18830930546574343,0.18756497670132144,-0.04657553938529613,-0.012094218435205417,-0.045291505486769634,-0.025699999999999997,0.0105,-0.008,0.0034000000000000002
2023-03-31,0.11864862781650509,0.0961476943206232,-0.16077283232883854,-0.04470869286649648,0.15178781309582878,0.011353228122132242,-0.09096630019374485,0.05034122635515215,0.21150116153786236,0.15588151272496797,0.1966627128949019,0.008507121398494633,-0.003501998631116332,0.04168256298281925,-0.002274539333805836,0.0248,-0.0548,-0.09050000000000001,0.0036
2023-04-30,0.028987205143701678,0.02091195675834423,0.02377620041586037,-0.03868357108112397,0.0348018447413585,0.056129110595769305,0.06918038316494113,0.03417715626091833,0.13390584114126303,0.06576486929927672,-0.0010080368050263688,-0.20799193945263272,0.04126208048965241,0.02387250614491543,0.07915366590333939,0.0062,-0.0337,-0.0012,0.0034999999999999996
2023-05-31,0.04605819538651712,0.14348037288458837,-0.050888037425071975,-0.0596434387425383,0.14468056674125496,-0.04563265074385958,-0.018301427966200823,-0.06999225890519767,0.10153123723055213,0.07110576758233211,0.36343636397157253,0.2411295460159617,-0.009855928564443839,-0.023462252952309415,-0.12906330257425247,0.0034000000000000002,0.016,-0.0779,0.0036
2023-06-30,0.09433003581828703,0.08110796675057008,0.040623944791763344,0.19586872610794104,-0.025799723937248165,0.06745766586645363,0.07169712063811584,0.017074047772388967,0.08408898731067826,0.03699862768106521,0.11821070625607999,0.28362672689273194,-0.009496235583592805,0.070198252888104,0.0496185294979965,0.0646,0.0149,-0.0013,0.004
2023-07-31,0.012785649265872445,0.025467873963526566,0.11537117812293385,0.08304484376489518,0.10877200463431547,0.012143613558754707,0.09354231433969318,0.028395716703776497,0.11018191408946731,-0.013566733610790749,0.10465199701655648,0.021622049507798113,0.053532705279090154,0.017050581613817783,-9.326464751546748e-05,0.0321,0.020499999999999997,0.0406,0.0045000000000000005
2023-08-31,-0.04238388448448838,0.0323907994336623,-0.09659641618760906,0.060187633478492986,0.025994496283439084,-0.027912313735515504,-0.07362603938645873,-0.03390913293044584,-0.0712806774577317,-0.022225592317368204,0.056196480301156315,-0.034962443852926794,-0.05883053094535695,0.020818554352477925,0.04533255362402655,-0.0236,-0.031400000000000004,-0.0115,0.0045000000000000005
2023-09-30,-0.08867841038651558,-0.07890726899285905,-0.0449946517525035,-0.028918977118509326,-0.03899531619494612,-0.0366773910855156,-0.008952456163635603,-0.0569258354133908,0.014599937310886268,-0.036642683062858894,-0.11857802374884863,-0.030455617484936637,0.062052115864465796,-0.016481218943496523,0.05746924812382814,-0.052300000000000006,-0.025099999999999997,0.0149,0.0043
2023-10-31,-0.0025696901890834845,0.046963447626806376,-0.037984006400681336,-0.16769939583514104,-0.05181103627711836,-0.04757618285523246,-0.034022172032745046,0.009110472762405397,0.003530848114978724,0.07081547996240167,-0.06250709700631385,-0.1973463537763216,0.062218633614961716,0.021759518702502145,-0.09976189204251618,-0.0315,-0.038599999999999995,0.002,0.004699999999999999
2023-11-30,0.1137800113415881,0.0976782655173829,0.16679398347845154,0.10913506400921591,0.06810098593961955,0.050954093888346375,0.12239317791664428,0.04275671890059041,0.08590320592553669,0.12294531597443248,0.14688569802274398,0.19537943740621855,0.03250800097440942,-0.04724309131821025,-0.020505628119081187,0.0888,-0.001,0.0167,0.0044
2023-12-31,0.013582406205037145,0.04004385139407618,0.10429641856057859,0.17928371025547118,0.05402563607611377,0.013448939441064622,0.08982576305031609,0.008384687861309637,0.0819500738749741,-0.007574311002704004,0.05893432488577299,0.03498831153123483,-0.044675177684252554,0.016350012746358722,-0.026863760509311163,0.048499999999999995,0.063,0.0489,0.0043
2024-01-31,-0.04222714858542431,0.021455801332457725,0.010098052745951103,0.020398764676087033,0.0029351517355353796,0.013780756810289674,0.031364779482543126,0.009502959570631297,0.10221499996874495,0.057281087035413236,0.24241745530598546,-0.24625725810339172,-0.027978629427379387,0.048207942749336485,0.028305623738309915,0.0073,-0.0507,-0.023799999999999998,0.004699999999999999
2024-02-29,-0.0185430729349777,0.1389175127740745,0.02214555097209603,0.1120510101154808,-0.01170591812057431,0.023318584265058062,0.06710251162600356,0.00890905067161607,0.2576253638416415,0.04231843060781859,0.2858095004489467,0.07790064669600238,-0.03544786783109022,0.06402427828843793,0.026080769101336942,0.0507,-0.0024,-0.034300000000000004,0.0042
2024-03-31,-0.051286422060723535,0.020479805886374214,0.09849344504564073,0.09722708323263918,0.0900620559382852,-0.019767168062833518,0.07653448367961047,0.0274801463946317,-0.009283236579323062,0.017116187379538017,0.14218116396868075,-0.12923524353897475,0.0061796286702342496,0.030113041104616878,0.11213164401500753,0.028399999999999998,-0.025,0.0416,0.0043
2024-04-30,-0.006706170682706736,-0.029825949313549094,-0.02399780403208307,-0.08361860357332251,0.07851323390145004,-0.08597250156750025,-0.03715218039210444,0.009643589167416478,-0.11411078378801098,-0.07461012928307409,-0.04376028492782402,0.042607689739043275,-0.022235812838541147,-0.013628072997643459,0.01746379898839412,-0.04650000000000001,-0.023700000000000002,-0.0045000000000000005,0.004699999999999999
2024-05-31,0.13022233716953413,0.00822858537946436,0.08051893884521055,0.011806018030693144,0.05971230883104761,0.022585172826745215,0.05679586826220695,0.01877938544624924,0.08522192861940492,0.06819092107988056,0.26887109832329537,-0.02837187354253501,0.024126530229988452,0.11183875466539095,-0.00048656232174026925,0.0433,0.0055000000000000005,-0.0131,0.0044
2024-06-30,0.09555258977291281,0.09527316552932019,0.0005472093812319834,-0.01601089785882359,0.057153974864222246,-0.0034771790657920354,-0.0018260998408580198,0.019289382593139504,0.08116589572139676,0.07665073835425673,0.1269430389119881,0.11118599982126098,0.03240101053557609,0.02965323273789222,-0.018250136216021784,0.027999999999999997,-0.03,-0.0336,0.0040999999999999995
2024-07-31,0.05441074410659419,-0.032445041513381345,0.013578091333391828,0.04356024882714138,-0.05824864729974222,0.07998097652872138,0.057940975468334655,0.04854669933947475,-0.05828809079721142,-0.06398930517319856,-0.052776502132406033,0.17278149180183244,0.13136687532473967,0.013735060098033713,0.03014250424222431,0.012199999999999999,0.0681,0.0562,0.0045000000000000005
2024-08-31,0.03235352849388784,-0.0453524222981363,0.010915346821616545,0.0285962927101151,-0.047568937095823216,0.05871963415632453,0.05639110347260523,0.08585562363566912,0.09788763182238847,-0.001095121229757856,0.02008220731694421,-0.07739046902676983,0.02436827871305569,0.12835278556112506,0.0025257285592514833,0.016,-0.0349,-0.011000000000000001,0.0048
2024-09-30,0.017467299869756925,0.043865556476496925,-0.0199091720487532,0.0983431823416534,0.016465186445377533,-0.02291102197371897,-0.062010633264461545,-0.001619282290811097,0.09912741295660688,0.031548163576003097,0.01742793764353201,0.22194201175563166,-0.005840002920535214,0.0455781664920627,-0.006104935849187254,0.0172,-0.0013,-0.0277,0.004
2024-10-31,-0.03042918841676634,0.00037563497419568215,0.053931520261819355,-0.03469111136677916,0.0317152642816938,-0.013575093944889094,0.058901232184447094,-0.09114951327873666,-0.008489762188177097,-0.05565880904509157,0.09321481599911108,-0.045025412068364634,-0.034514544363648425,0.014860707929171602,-0.0037536535994822096,-0.01,-0.009899999999999999,0.0086,0.0039000000000000003
2024-11-30,0.05170689376072635,0.1152897328156477,0.1360591735856742,0.07950542722317722,-0.012623538729827022,-0.02255878056014482,0.12527043966692486,-0.011391471924869334,0.01187483333387318,0.04419245979643649,0.04135287731151904,0.3814688622385134,0.08095674515543672,0.12873694575229866,0.018404686361336964,0.0649,0.0446,0.0015,0.004
2024-12-31,0.05515523923865007,0.05531771626226978,-0.06978580029952419,-0.10674438098232386,0.12173400846694671,-0.06702786495492297,-0.04008493444106376,-0.028402095534850624,0.0203062761875914,-0.004628538294466189,-0.02857688276498027,0.17000808915631316,-0.16781363770530067,-0.021079211216809224,-0.08808069093696724,-0.0317,-0.0271,-0.03,0.0037
2025-01-31,-0.05758321360494356,0.08336748865953902,0.05346981482409019,0.02768141062677887,0.07776012867257776,0.05206739963448381,0.12085642659813911,0.019595343775116847,0.17705918387023445,-0.015278793619988962,-0.10589022600982012,0.0018819576379678349,0.07241127834765293,0.08644182466368067,-0.006879129652381133,0.027999999999999997,-0.0197,0.0163,0.0037
2025-02-28,0.025872312939140496,-0.10686635257151178,-0.004319655155931912,-0.07400910117277448,-0.16537584244703962,0.0932693576805459,-0.00991390203098097,0.12177064973357488,-0.03044199149771354,-0.04161804405288427,0.04039307943452175,-0.2758773935575025,-0.12448149928584029,0.004584259485000075,0.051444359984360366,-0.024399999999999998,-0.0579,0.049100000000000005,0.0033
2025-03-31,-0.0815000994585261,-0.1037309421475675,-0.08908146188063126,-0.041139884656563375,-0.09080287975749413,0.004969022549965008,-0.07311545202191572,0.013179676149406738,-0.13667641769846628,-0.054409305921648055,-0.13232494984280385,-0.11543452131892018,0.1074371949480899,-0.10728035577523543,0.0682655622240751,-0.0639,-0.0276,0.028999999999999998,0.0034000000000000002
2025-04-30,-0.04335292558011783,-0.030694820280155133,-0.044332464953198314,-0.05773472461364482,0.026901195132635003,-0.05746506639217552,0.0033702846675536247,0.01298515237634379,-0.04747035961592794,0.05293150763751986,0.00498246673855296,0.08874826236685496,-0.21443438605218657,0.10775699596780552,-0.1118305744567113,-0.0084,-0.0059,-0.034,0.0034999999999999996
2025-05-31,-0.053584073869496485,0.1116473080052216,0.10656969588514453,0.12532757191051513,0.08148620565525344,0.0014753622881749084,0.07922491013575539,-0.006202631252577917,0.17939880677727693,0.16683984309020627,0.2406354284372363,0.2278848417863253,-0.2662113504653306,0.017570064786982753,-0.022605161103110394,0.060599999999999994,0.006999999999999999,-0.0288,0.0038
2025-06-30,0.021508466222438072,0.07014294555445688,0.07860537345251517,0.1154497884926109,0.027386288342189147,-0.015849486387105594,0.09814390626778824,-0.011747222701946614,0.1408021909697137,0.0804805928719734,0.16925161444649373,-0.08312644606383923,0.04065653143606629,-0.009521839414143307,0.053763394321865166,0.048600000000000004,0.0083,-0.0161,0.0034000000000000002
2025-07-31,0.011697750437198895,0.06709513314943583,-0.0010566918261122327,0.13244013522489562,0.0889179203653978,0.0784943202934445,0.02675718188945342,-0.04042401345154578,0.047893793908883264,0.0725558001480362,0.1258306752145033,-0.02955995259140498,-0.2000512551211765,0.0020454776105192085,0.035621504651745406,0.019799999999999998,0.0027,-0.0127,0.0034000000000000002
2025-08-31,0.11963887728378286,-0.021827348669553603,0.07340821800927388,-0.043331332891597296,0.10948421529953323,0.08334607185351661,0.017485876607998385,0.016202692162077037,-0.04491616095692674,-0.048691731640179814,-0.02074551060599117,0.08304410748975077,0.24166524406092038,-0.00789445323587179,0.03326324229708888,0.0184,0.0387,0.044199999999999996,0.0038
2025-09-30,0.09688121209766343,-0.04117900731782209,0.02240739350363108,0.1386740778016906,0.14281821823613772,0.04656546328718836,0.04647999193868668,-0.03132884701619665,-0.005177146709903213,0.022222696912739703,0.0712511480639062,0.33201547825406585,0.12136849538860206,0.06269329149239944,-0.013474448949918894,0.0339,-0.018500000000000003,-0.0105,0.0033
2025-10-31,0.061815166304167946,0.11226484981660545,0.036053492127153586,0.2132840883352245,0.15668445489802774,0.01860643189103328,-0.008868618987475596,0.03890227888691755,-0.11714644405548136,-0.0002703583369538798,0.0852717578256561,0.026623485126352042,-0.010831086810894286,-0.01824179573912532,0.014279367237194807,0.0196,-0.0055000000000000005,-0.030899999999999997,0.0037
2025-11-30,0.03236424005075422,-0.04504135592915348,0.003741832631366071,-0.002598415324863934,0.1386606727554951,0.10252436422996314,0.006299832495812341,0.061248198011746746,-0.0006169262788171537,-0.04804681180214809,-0.1258827854186917,-0.05780178787448975,-0.034518133139764484,0.09221197674086512,0.0225069947188401,-0.0013,0.0038,0.037599999999999995,0.003
2025-12-31,-0.025067328015739188,-0.010290686407351424,0.03049055353402408,-0.005019533572274804,-0.021785441782389725,0.00014497767041521392,0.029193854813752473,-0.0371849184071934,0.019566881944822923,-0.017052528367124453,0.0537309989476884,0.045447119005781245,0.007761417623967759,0.010199095819589,0.03812972945792725,-0.0036,-0.0106,0.0242,0.0034000000000000002
